	Campaña	Conjunto de anuncios	Anuncio	Creativo	Copy y Video Actualizado 	Copy	Link	Presupuesto (diario o total)	Keyword - Only (Chatbot)	Fecha de Lanzamiento	Ver anuncios
	IS_Meta_Awareness_AON	Videos Influencers	Video  Abril Rhino - Mujeres		"Recupérate mejor y más rápido con las Botas de Compresión PRO 3.

Ayudan a revitalizar los músculos fatigados y a mejorar la circulación.

¡Efectivas desde el primer uso!

🔥  Panel digital - Directo en el compresor.
🔥 4 cámaras superpuestas.
🔥 6 modos de uso


Envíos a todo México. 📦
"	"¡Especialistas en recuperación muscular!💪🏼🦵🏼 Las botas de compresión RHINO PERFORMANCE son el mejor aliado para deportistas y atletas🏃🏼‍♀️🏃🏻.
📦 ️ Envíos a todo México 🇲🇽

✅ Aceleran la recuperación muscular reduciendo la fatiga.
✅ Aumentando la circulación de flujo sanguíneo
✅ Estimulan el drenaje del sistema linfático
✅ Eliminan del cuerpo los desechos metabólicos.

"	https://rhino-performance.com/shop/	$50.00	NA	Junio 2025	https://fb.me/adspreview/facebook/20ZgfwwdwkA1vXV
			Video  Abril Rhino - Hombres		"Recupérate como PRO. 💪🏻

Tecnología de compresión diseñada para atletas que buscan rendir al máximo.

¡Conoce las botas de presoterapia PRO 3!

🔥  Panel digital - Directo en el compresor.
🔥 4 cámaras superpuestas.
🔥 6 modos de uso

Envíos a todo México. 🇲🇽
"	"¡Especialistas en recuperación muscular!💪🏼🦵🏼 Las botas de compresión RHINO PERFORMANCE son el mejor aliado para deportistas y atletas🏃🏼‍♀️🏃🏻.
📦 ️ Envíos a todo México 🇲🇽

✅ Aceleran la recuperación muscular reduciendo la fatiga.
✅ Aumentando la circulación de flujo sanguíneo
✅ Estimulan el drenaje del sistema linfático
✅ Eliminan del cuerpo los desechos metabólicos."	https://rhino-performance.com/shop/		NA	Junio 2025	https://fb.me/adspreview/facebook/22XXV6wJNbE8vx7
			Video  Abril Rhino - Mujeres Fers		"
👉🏻 Conoce las PRO 3.

Botas de Compresión diseñadas para ayudarte después de entrenamientos exigentes, reduciendo la fatiga muscular y manteniéndote listo para el siguiente reto.

¡Efectivas desde el primer uso! 🔥

🇲🇽 Envíos a todo México. "	"¡Especialistas en recuperación muscular!💪🏼🦵🏼 Las botas de compresión RHINO PERFORMANCE son el mejor aliado para deportistas y atletas🏃🏼‍♀️🏃🏻.
📦 ️ Envíos a todo México 🇲🇽

✅ Aceleran la recuperación muscular reduciendo la fatiga.
✅ Aumentando la circulación de flujo sanguíneo
✅ Estimulan el drenaje del sistema linfático
✅ Eliminan del cuerpo los desechos metabólicos."	https://rhino-performance.com/shop/		NA	Junio 2025
			Video Rhino #5		"👉🏻 Descubre las Botas de Compresión PRO 3.

Ayudan a revitalizar los músculos fatigados y a mejorar la circulación.

🔥  Panel digital - Directo en el compresor.
🔥 4 cámaras superpuestas.
🔥 6 modos de uso


Envíos a todo México. 📦
"	"¡Especialistas en recuperación muscular!💪🏼🦵🏼 Las botas de compresión RHINO PERFORMANCE son el mejor aliado para deportistas y atletas🏃🏼‍♀️🏃🏻.
📦 ️ Envíos a todo México 🇲🇽

✅ Aceleran la recuperación muscular reduciendo la fatiga.
✅ Aumentando la circulación de flujo sanguíneo
✅ Estimulan el drenaje del sistema linfático
✅ Eliminan del cuerpo los desechos metabólicos."	https://rhino-performance.com/shop/		NA	Junio 2025	https://fb.me/adspreview/facebook/2p7VKUqhiRbIyex
			Video Rhino #6		"En RHINO creamos las mejores botas de compresión para atletas que entrenan y compiten al máximo.

🔥  Panel digital - Directo en el compresor.
🔥 4 cámaras superpuestas.
🔥 6 modos de uso


Envíos a todo México. 📦 ¡Conócelas! "	"¡Especialistas en recuperación muscular!💪🏼🦵🏼 Las botas de compresión RHINO PERFORMANCE son el mejor aliado para deportistas y atletas🏃🏼‍♀️🏃🏻.
📦 ️ Envíos a todo México 🇲🇽

✅ Aceleran la recuperación muscular reduciendo la fatiga.
✅ Aumentando la circulación de flujo sanguíneo
✅ Estimulan el drenaje del sistema linfático
✅ Eliminan del cuerpo los desechos metabólicos."	https://rhino-performance.com/shop/		NA	Junio 2025	https://fb.me/adspreview/facebook/1RGW62KTl1O8Q3I
			Video Abril Rhino - Todos		"Recupérate de forma más inteligente con las Botas de Presoterapia PRO 3.

Compresión dinámica de aire que te ayuda a revitalizar tu cuerpo y reducir la fatiga muscular.

🔥  Panel digital - Directo en el compresor.
🔥 4 cámaras superpuestas.
🔥 6 modos de uso


Envíos a todo México.  🚚 ¡Conócelas! "	"¡Especialistas en recuperación muscular!💪🏼🦵🏼 Las botas de compresión RHINO PERFORMANCE son el mejor aliado para deportistas y atletas🏃🏼‍♀️🏃🏻.
📦 ️ Envíos a todo México 🇲🇽

✅ Aceleran la recuperación muscular reduciendo la fatiga.
✅ Aumentando la circulación de flujo sanguíneo
✅ Estimulan el drenaje del sistema linfático
✅ Eliminan del cuerpo los desechos metabólicos."	https://rhino-performance.com/shop/		NA	Junio 2025
	IS_META_Mensajes Whastapp	Mensajes #2 - PISTOLAS	GUN PRO - Carrusel			"🚨🔥¡Hasta 9MSI!🔥🚨 ¡Descubre la GUN PRO!

🔥 Aprovecha los descuentos
✅ Obtén hasta 9 MSI
📦 Envío gratis

¡Activa tu recuperación como un PRO! ¡Prepárate para entrenar sin límites, más fuerte y recuperarte más rápido!

🔗 Compra ahora en rhino-performance.com"	Mensaje	$0.00
		Mensajes #2 - PRO AIR	BOTAS PRO AIR - Carrusel			"🚨🔥¡Hasta 9MSI!🔥🚨 ¡Descubre las Botas PRO AIR! Recuperación inalámbrica.

🔥 Aprovecha los descuentos
✅ Obtén hasta 9 MSI
📦 Envío gratis

¡Activa tu recuperación como un PRO! ¡Prepárate para entrenar sin límites, más fuerte y recuperarte más rápido!

🔗 Compra ahora en rhino-performance.com"	Mensaje	$0.00
			BOTAS PRO AIR - PULPO			"🚨🔥¡Hasta 9MSI!🔥🚨 ¡Descubre las nuevas Botas PRO AIR! Recuperación inalámbrica.

🔥 Aprovecha los descuentos
✅ Obtén hasta 9 MSI
📦 Envío gratis

¡Activa tu recuperación como un PRO! ¡Prepárate para entrenar sin límites, más fuerte y recuperarte más rápido!

🔗 Compra ahora en rhino-performance.com"	Mensaje	$0.00
		Mensajes #2 - KITS	04 / KIT BOTAS PRO 3			"🚨🔥¡Solo $9,990!🔥🚨 ¡Descubre el Kit de Botas PRO 3!

🔥 Aprovecha los descuentos
✅ Obtén hasta 9 MSI
📦 Envío gratis

¡Activa tu recuperación como un PRO! Incluye Botas de compresión, Compresor y Mochila. ¡Prepárate para entrenar sin límites, más fuerte y recuperarte más rápido!

🔗 Compra ahora en rhino-performance.com"	Mensaje	$0.00
	IS_META_Mensajes Chatbot	Mensajes - Chatbot - PRO AIR	BOTAS PRO AIR - LU		"RHINO PRO AIR.

Las mejores botas de compresión 100% inalámbricas que aceleran tu recuperación y alivian la fatiga muscular.

🔥 5 niveles de presión.
🔥 5 cámaras superpuestas.
🔥 3 modos de uso.

Envíos a todo México. 📦 ¡Conócelas!

Video Link: https://drive.google.com/file/d/1O8-9F6shRXrWu1x5VCShSAkKWCorag-z/view?usp=drive_link "	COPY publicacion en colaboración con LU	DESACTIVADO	$150.00	Quiero más información de las PRO AIR	Agosto 2026	https://fb.me/adspreview/facebook/2i4qrKxjTfSu28A
			BOTAS PRO AIR - PULPO		" PRO AIR: Botas de presoterapia 100% inalámbricas. 🦏

🔥 5 niveles de presión
🔥 3 modos de uso
🔥 Compresión 360°

 La elección de atletas que quieren recuperarse sin cables ni mangueras.

Envíos a todo México. 📦
Hasta 12 MSI 👉🏻    ¡Conócelas! https://rhino-performance.com/productos/

Video Link: Video Javo  "	COPY publicacion en colaboración con PULPO	Chatbot		Quiero más información de las PRO AIR
			BOTAS PRO AIR - CARRUSEL		" La elección de atletas que quieren recuperarse sin cables ni mangueras.

Conoce las PRO AIR 100% INALÁMBRICAS.

🔥 3 Modos de uso
🔥 5 Niveles de Presión
🔥 5 Cámaras de Compresión

Todo lo que necesitas en un solo equipo. 🦏

Envíos a todo México. 📦
Hasta 12 MSI 👉🏻    ¡Conócelas! https://rhino-performance.com/productos/ "		Chatbot		Quiero más información de las PRO AIR	Marzo 2026	https://fb.me/adspreview/facebook/2WoJ19AFAhVahnn
		Mensajes - Chatbot - TINA & CHILLER	KIT TINA		"¡¡Todo el poder del frío, ahora en un solo KIT!!

❄️ Enfría el agua hasta 3°C
❄️ Filtro integrado para mantener el agua limpia

¡Conecta, programa y entra al agua!

📦 Envíos a todo México.
Hasta 12 MSI

Adquiere tu KIT en:  rhino-performance.com 🚨"		Chatbot	$150.00	Quiero más información de la Tina	Agosto 2026
			TINA Y CHILLER CARRUSEL		"¡¡Todo el poder del frío, ahora en un solo KIT!!

❄️ Enfría el agua hasta 3°C
❄️ Filtro integrado para mantener el agua limpia
❄️ Lista para usar en minutos

¡Conecta, programa y entra al agua!

📦 Envíos a todo México.
Hasta 12 MSI

Adquiere tu KIT en:  rhino-performance.com 🚨"		Chatbot		Quiero más información del Kit Tina & Chiller	Agosto 2026
			TINA Y CHILLER VIDEO		"Video Tina y Chiller

¡¡Todo el poder del frío, ahora en un solo KIT!!

❄️ Enfría el agua hasta 3°C
❄️ Filtro integrado para mantener el agua limpia
❄️ Lista para usar en minutos

¡Conecta, programa y entra al agua!

📦 Envíos a todo México.
Hasta 12 MSI

Adquiere tu KIT en:  rhino-performance.com  🚨"		Chatbot		Quiero más información del Kit Tina & Chiller	Agosto 2026
		Mensajes - Chatbot - GUN	GUN PRO - Carrusel		" Conoce la GUN PRO de RHINO. 💪🏻

🔥 4 modos y niveles de masaje.
🔥 7 cabezales intercambiables.
🔥 Amplitud ajustable

Envíos a todo México.  📦
Hasta 12 MSI

 🚨 Adquiere la tuya en:  rhino-performance.com   "		Chatbot	$150.00	Quiero más información de la GUN PRO	Agosto 2026
			GUN AIR - Carrusel		"Conoce la GUN AIR de RHINO. 💪🏻

🔥 5 niveles de masaje.
🔥 4 cabezales intercambiables.
🔥 Amplitud ajustable

Envíos a todo México.  📦
Hasta 12 MSI

 🚨 Adquiere la tuya en:  rhino-performance.com"		Chatbot		Quiero más información de la GUN AIR	Agosto 2026
		Mensajes - Chatbot - KITs	04 / KIT DE BOTAS PRO 3		"
¡Conoce el Kit de botas de presoterpia PRO 3!

🔥 6 modos de uso.
🔥 4 cámaras de compresión superpuestas.
🔥 Control manual desde el compresor.

Obtén hasta 9 MSI
Envíos a todo México. 📦

  🚨 ¡Adquiere las tuyas por $9,990! Solo en: rhino-performance.com "	"🚨🔥¡Solo $9,990!🔥🚨 ¡Descubre el Kit de Botas PRO 3!

🔥 Aprovecha el descuento
✅ Obtén hasta 9 MSI
📦 Envío gratis

¡Activa tu recuperación como un PRO! ¡Prepárate para entrenar sin límites y recuperarte más rápido!

🔗 Compra ahora en rhino-performance.com"	DESACTIVADO	$150	Quiero más información del Kit de Botas PRO 3	Marzo 2026	https://fb.me/adspreview/facebook/1STH37elwHE3Uhu
			KIT TINA		"¡¡Todo el poder del frío, ahora en un solo KIT!!

❄️ Enfría el agua hasta 3°C
❄️ Filtro integrado para mantener el agua limpia

¡Conecta, programa y entra al agua!

📦 Envíos a todo México.
Hasta 12 MSI

Adquiere tu KIT en:  rhino-performance.com 🚨"	"🚨🔥¡Hasta 9MSI!🔥🚨 ¡Descubre el nuevo Kit Tina de Hielo TUB AIR + Chiller ICE PRO!

🔥 Aprovecha los descuentos
✅ Obtén hasta 9 MSI
📦 Envío gratis

¡Activa tu recuperación como un PRO! ¡Prepárate para entrenar sin límites, más fuerte y recuperarte más rápido!

🔗 Compra ahora en rhino-performance.com"	Chatbot	$150	Quiero más información del Kit Tina & Chiller
	IS_Meta_Purchase	Prospecting - Catálogo Junio	Catálogo Dinámico Junio			"¡Lleva tu recuperación al siguiente nivel! 💪 Tecnología premium para deportistas y atletas 🏃🏼‍♀️🏃🏼.
✅ Tu momento de recuperación después de cada entreno
✅ Comodidad y tecnología premium en cada sesión
✅ Equipos diseñados para acompañar tu rutina deportiva
✅ Fáciles de usar en casa, de viaje o donde entrenes
📦 Envíos a todo México 🇲🇽

¡Recover faster and perform better!"	Catálogo Dinámico (Envia a la URL del producto seleccionado)	$200
		Retargeting	Catálogo v02			"🔥 ¡Es momento de recuperar como un profesional!
✅ Obtén hasta 9 MSI
📦 Envío GRATIS a todo México
¡No dejes pasar la oportunidad! Mejora tu rendimiento y acelera tu recuperación con nuestra tecnología de compresión y percusión.

🔗 Compra ahora en: rhino-performance.com"	Catálogo Dinámico (Envia a la URL del producto seleccionado)	$1,000
		PROSPECTING - PRO AIR	BOTAS PRO AIR - PULPO			COPY publicacion en colaboración con PULPO		$200
			Tina y ChIller 		"Video Tina y Chiller

¡¡Todo el poder del frío, ahora en un solo KIT!!

❄️ Enfría el agua hasta 3°C
❄️ Filtro integrado para mantener el agua limpia
❄️ Lista para usar en minutos

¡Conecta, programa y entra al agua!

📦 Envíos a todo México.
Hasta 12 MSI

Adquiere tu KIT en:  rhino-performance.com 🚨"	NA	Chatbot 		Quiero más información del Kit Tina & Chiller
			Tina y Chiller 		"Video Actualizado

La Tina TUB AIR y el Chiller ICE PRO de RHINO te dan el control que necesitas para tu cold plunge.  🧊

❄️ Enfría el agua hasta 3 °C
❄️ Sin necesidad de hielos
❄️ Filtro integrado para mantener el agua limpia

Adquiere tu Kit por solo:  $25,490.00

📦 Envíos a todo México.
💳 Hasta 12 MSI"
			GUN PRO - Carrusel		" Conoce la GUN PRO de RHINO. 💪🏻

🔥 4 modos y niveles de masaje.
🔥 7 cabezales intercambiables.
🔥 Amplitud ajustable

Envíos a todo México.  📦
Hasta 12 MSI

 🚨 Adquiere la tuya en:  rhino-performance.com   "
			TUB AIR 		"Tu ritual de frío, ahora en casa. ❄️ ¡Conoce la Tina Fría TUB AIR!

✅  Fácil de instalar
✅  Capacidad: 380 litros
✅  Aislamiento térmico: Mantiene el agua fría por más tiempo.

Envíos a todo México.  📦
Hasta 12 MSI

¡¡Adquiere la tuya en rhino-performance.com y descubre los beneficios del cold plunge!! 🦏🚨

"
			GUN AIR - REEL 		" Conoce la Pistola de Masaje GUN AIR 💪🏻

✅  5 niveles de intensidad
✅  4 cabezales incluidos
✅  Amplitud ajustable

Envíos a todo México 🚚
Hasta 12 MSI

¡¡Adquiere la tuya en https://rhino-performance.com/productos/  !! 🦏🔥"
			PISTOLA DE MASAJE GUN PRO - ALDO		"¿Por qué elegir la Pistola de masaje GUN PRO?

✅ 7 cabezales intercambiables.
✅ Brazo ergonómico para máxima cobertura muscular.
✅ Amplitud ajustable. Elige la profundidad del masaje.

Consigue la tuya y transforma tu recuperación. 🦏

¡Envíos a todo México!

Video Link: https://drive.google.com/drive/u/0/search?q=ALDO "
